PC-1,PC-2,class
-0.465194553,1.595831943,1
0.999756935,1.5409978,1
0.13056073,1.990142052,1
-0.185551555,1.794584165,1
1.078458897,1.282990941,1
2.930309518,-0.028979076,1
1.00956075,2.202065919,1
2.147593906,0.976887564,1
2.215958194,-0.365434983,1
2.086148882,-0.729941086,1
0.753201464,0.385795091,1
0.118798877,-0.388772079,1
1.095466977,0.311984532,1
-0.693608881,1.686576823,1
0.111434237,0.124206417,1
0.34052804,0.976453382,1
1.724986957,0.175321877,1
-1.040705387,1.364812366,1
1.732719974,0.783133064,1
1.459879683,0.43126725,1
-0.925138397,1.623362056,1
1.26205166,0.298328369,1
1.410682762,1.74111037,1
1.4419662,0.644241463,1
2.000584474,-0.500399832,1
0.063480627,1.241049269,1
-0.117158497,0.88510519,1
1.824787191,0.882216764,1
0.792401956,-0.271205107,1
0.62243581,1.538664812,1
0.254079741,1.485734309,1
0.923267413,0.022962092,1
1.176413562,0.688328215,1
1.358271088,0.383453801,1
0.831179204,0.614479747,1
1.31049852,-0.284841392,1
1.877062793,0.337471327,1
2.590459096,-0.032426151,1
1.010797249,1.875036828,1
1.212653736,-0.247776847,1
2.89232049,-0.301666171,1
-0.509608461,0.991239182,1
0.753703557,0.246483377,1
2.502950332,-0.329253086,1
0.952727394,1.474866355,1
2.389997263,-0.129517453,1
-0.633315978,0.648896161,1
0.305608572,0.879660185,1
1.600538331,-0.809935946,1
0.017015415,-0.940330467,1
-0.075031058,2.43043871,1
2.397364155,0.815006238,1
0.689908104,1.320711912,1
0.533048132,1.882413277,1
2.55450198,0.253549505,1
-0.637205442,1.897735248,1
1.649227009,-0.120687285,1
1.475039212,1.06422197,1
0.950930938,-0.096322661,1
1.139824292,-0.507009652,1
2.11175276,0.150296494,1
1.362865401,-0.539614553,1
0.071810246,2.099551654,1
-0.399748586,0.052771362,1
2.525755996,-0.292340419,1
-0.764166888,0.99975829,1
2.747201338,-0.505858819,1
2.594939611,0.070759108,1
2.398848246,-0.329771278,1
1.109977451,-0.080596547,1
0.335410963,2.25326367,1
1.225041615,0.031802295,1
-1.009096181,0.091891469,1
0.046399183,0.72804661,1
1.704605438,-0.594931089,1
1.677754315,-0.451159604,1
1.177623493,0.32899124,1
0.705957667,-0.244719497,1
1.6021834,0.453919169,1
1.701657471,-0.325098372,1
0.749524122,0.75867561,1
1.843968574,0.01179786,1
0.875975039,0.62898804,1
1.750150714,-0.239337362,1
2.435182179,-0.680479131,1
2.08184253,-0.714769771,1
1.476327604,-0.101194165,1
1.138714469,-0.031812587,1
1.018916989,-0.256970908,1
-0.349973298,-0.982622313,1
0.419138956,0.078929147,1
-0.580936192,1.490552894,1
0.377073058,0.11913701,1
1.834285495,-0.867833207,1
2.22083461,0.77696603,1
0.83220312,-1.018431405,1
1.649619717,-0.793985561,1
1.01754887,-0.460051179,1
0.709696808,1.479181969,1
0.6483569,-0.772345852,1
-0.655513654,0.87117156,1
2.036972723,0.26450657,1
0.308404121,1.861915009,1
-0.081241794,-0.146048657,1
0.292443168,2.07728354,1
2.519406132,0.239066407,1
-0.760143859,1.18626322,1
0.564301358,1.262364086,1
0.388472984,-0.167989011,1
1.386509942,0.344614409,1
1.69088887,0.551367414,1
1.69088887,0.551367414,1
-0.325786941,-0.80110163,1
0.363434434,0.252572348,1
-0.356383638,0.420585784,1
-0.60543504,1.423924789,1
-0.055564039,0.303141405,1
-0.076776951,-0.576445497,1
-0.513890959,-0.23156075,1
-1.295000046,0.328413792,1
-0.294327136,0.293100102,1
-0.974336859,-0.229760166,1
-0.055564039,0.303141405,1
1.036833467,-0.710354399,1
-0.48995841,0.700456878,1
-1.329385405,-0.032238656,1
0.187643595,-1.524090987,1
-0.552615464,-0.2441557,1
-0.62684488,-0.309444594,1
-0.333852607,0.271574428,1
-0.399093836,0.541092114,1
0.59753994,1.425599072,1
0.478009431,0.195007951,1
-0.407604261,0.862720517,1
-0.813226925,-0.298238039,1
-0.132427709,0.343652863,1
0.148738739,-0.704147175,1
0.249360189,0.916954285,1
0.678246377,0.070482681,1
-1.100760637,-0.195409269,1
0.210813059,-1.52240783,1
-0.294446564,0.413578124,1
0.293677684,1.05560072,1
-0.890586665,0.680287604,1
0.160929045,-0.88714155,1
-1.166263167,0.877093083,1
-0.6983752,1.095395115,1
-0.336135726,0.856217388,1
-0.504414276,-0.380064765,1
0.009557683,-1.116515632,1
-0.916380334,0.392688865,1
-0.301115848,-0.603179472,1
-0.835872062,-0.058179797,1
0.66498499,-0.205142436,1
-0.422744302,1.194913006,1
-0.185622905,0.180422318,1
-0.434595893,0.127013927,1
-0.92095679,0.473119867,1
-0.828644619,0.380612662,1
-1.264549671,0.120217541,1
-0.770283997,1.312248442,1
-0.173230932,-0.347534025,1
-0.664928062,0.335348055,1
-0.75616309,-0.526551505,1
-0.614996004,0.402831691,1
-0.737315576,-0.005417658,1
0.186535892,0.61836493,1
0.165046041,-0.842308456,1
0.437363371,0.65861669,1
-0.904138149,0.101003492,1
-0.152232138,0.671417079,1
-0.538020826,1.509783418,1
1.164351715,-0.002496177,1
0.127896014,1.359095795,1
1.420108053,-0.065272006,1
-0.285962327,0.402472601,1
0.96579718,-1.204463839,1
0.31855486,-0.135827114,1
-0.31396687,0.355991922,1
-0.808504641,0.194934494,1
0.973529287,-0.846270404,1
-0.743634304,-0.546986913,1
1.135284269,-0.97889407,1
-0.019544374,-0.324492,1
-0.11261762,0.57397912,1
1.007592938,-0.955981345,1
0.481874019,0.130529412,1
-0.419564286,-0.108415934,1
0.14874714,-0.127824189,1
0.567091041,-0.618421003,1
0.045153176,1.064765786,1
-0.127315512,0.741333631,1
-0.354657939,-0.85696093,1
-0.615236743,-0.599753514,1
0.394768001,-0.816596557,1
-1.204742112,0.131499266,1
-0.818976656,0.475826669,1
0.276229486,-0.30905965,1
-0.227251026,1.568907193,1
0.137593922,-0.267820461,1
0.541533702,2.337173415,2
-0.049573927,0.799460573,2
1.127599015,2.457020576,2
2.203361797,1.722909033,2
0.689396169,2.496249592,2
-0.860477787,1.536896952,2
0.634389176,2.560816185,2
3.199381519,0.639770701,2
-0.072917784,1.095404897,2
0.526131979,2.786938234,2
1.066175144,1.18984484,2
0.761418999,2.638639064,2
2.746411453,0.324935347,2
3.445697283,0.937479728,2
2.319403988,0.263165984,2
1.972818956,1.429686601,2
0.368847564,2.248260563,2
2.798043759,0.311947338,2
0.511853565,0.965899913,2
-0.661488245,1.123017039,2
-0.123051119,1.997673544,2
0.614607272,1.804416732,2
1.158041407,1.758928896,2
1.180924433,2.733871104,2
1.572864605,1.578436108,2
0.37319398,2.823517911,2
3.032193088,0.660465656,2
0.788461422,1.402344141,2
0.589123852,0.788169534,2
1.435012211,1.352683715,2
1.589644239,1.132991849,2
0.718025466,1.320763838,2
2.812796728,0.464257331,2
2.787436179,1.621813381,2
0.77162911,2.678122092,2
0.240044297,1.225942796,2
1.981134693,0.518307643,2
1.287628032,1.399710241,2
0.380000272,1.968252816,2
0.500693578,1.861060097,2
2.324438401,1.233713253,2
-0.417910269,1.425370841,2
-0.502070379,1.993825041,2
0.552014318,2.195017868,2
-0.202165116,2.124831923,2
1.250755428,1.852698929,2
1.398974053,1.789623128,2
2.303047261,-0.187693271,2
0.437142087,2.383739125,2
2.893185622,0.189155499,2
2.899663113,0.097158229,2
1.977057341,0.228364004,2
2.43526724,1.360905904,2
2.229718336,0.171219755,2
2.129981789,0.058102845,2
2.154855998,0.876244958,2
2.170372112,0.97241107,2
0.506618378,-0.58593065,2
1.7689917,0.341093287,2
2.822573619,0.204298323,2
2.385923348,1.133700456,2
-0.01409073,1.212564121,2
1.049833613,-0.802180671,2
1.70356266,0.420977214,2
2.763970007,-0.169606209,2
2.910543488,1.031138731,2
2.799660212,0.221163504,2
2.203880696,-0.243713629,2
2.04278995,-0.729952362,2
3.4751679,0.161625743,2
1.701649543,-0.211792327,2
2.414472899,0.817097996,2
2.627677182,0.271269365,2
1.074342051,2.294149535,2
1.827450262,-0.066781191,2
2.845135177,0.171871645,2
1.90756791,-0.17104451,2
1.402026006,-0.926488452,2
1.698211512,0.440789522,2
2.584645233,-0.235654546,2
1.060746388,1.447084855,2
0.980190515,1.408695619,2
-0.518160592,1.129393349,2
-0.672082404,1.232058766,2
1.305037064,-0.347972071,2
2.385387157,-0.768405533,2
1.935265509,-0.366820457,2
0.540184128,0.212669234,2
0.212126773,2.458610128,2
2.128319438,0.706306391,2
0.674263843,1.543308197,2
2.114304866,2.216883013,2
1.209597344,0.319051101,2
0.431563077,0.862182567,2
2.475415904,0.222106424,2
0.946935628,1.462288499,2
3.54974796,0.814844581,2
1.23537057,-0.496343928,2
0.072242806,1.529207533,2
2.105283206,0.176623256,2
0.541533702,2.337173415,2
-0.049573927,0.799460573,2
1.127599015,2.457020576,2
2.203361797,1.722909033,2
0.689396169,2.496249592,2
-0.860477787,1.536896952,2
0.634389176,2.560816185,2
3.199381519,0.639770701,2
-0.072917784,1.095404897,2
0.526131979,2.786938234,2
1.066175144,1.18984484,2
0.761418999,2.638639064,2
2.746411453,0.324935347,2
3.445697283,0.937479728,2
2.319403988,0.263165984,2
1.972818956,1.429686601,2
0.368847564,2.248260563,2
2.798043759,0.311947338,2
0.511853565,0.965899913,2
-0.661488245,1.123017039,2
-0.123051119,1.997673544,2
0.614607272,1.804416732,2
1.158041407,1.758928896,2
1.180924433,2.733871104,2
1.572864605,1.578436108,2
0.37319398,2.823517911,2
3.032193088,0.660465656,2
0.788461422,1.402344141,2
0.589123852,0.788169534,2
1.435012211,1.352683715,2
1.589644239,1.132991849,2
0.718025466,1.320763838,2
2.812796728,0.464257331,2
2.787436179,1.621813381,2
0.77162911,2.678122092,2
0.240044297,1.225942796,2
1.981134693,0.518307643,2
1.287628032,1.399710241,2
0.380000272,1.968252816,2
0.500693578,1.861060097,2
2.324438401,1.233713253,2
-0.417910269,1.425370841,2
-0.502070379,1.993825041,2
0.552014318,2.195017868,2
-0.202165116,2.124831923,2
1.250755428,1.852698929,2
1.398974053,1.789623128,2
2.303047261,-0.187693271,2
0.437142087,2.383739125,2
2.893185622,0.189155499,2
2.899663113,0.097158229,2
1.977057341,0.228364004,2
2.43526724,1.360905904,2
2.229718336,0.171219755,2
2.129981789,0.058102845,2
2.154855998,0.876244958,2
2.170372112,0.97241107,2
0.506618378,-0.58593065,2
1.7689917,0.341093287,2
2.822573619,0.204298323,2
2.385923348,1.133700456,2
-0.01409073,1.212564121,2
1.049833613,-0.802180671,2
1.70356266,0.420977214,2
2.763970007,-0.169606209,2
2.910543488,1.031138731,2
2.799660212,0.221163504,2
2.203880696,-0.243713629,2
2.04278995,-0.729952362,2
3.4751679,0.161625743,2
1.701649543,-0.211792327,2
2.414472899,0.817097996,2
2.627677182,0.271269365,2
1.074342051,2.294149535,2
1.827450262,-0.066781191,2
2.845135177,0.171871645,2
1.90756791,-0.17104451,2
1.402026006,-0.926488452,2
0.212126773,2.458610128,2
1.698211512,0.440789522,2
2.584645233,-0.235654546,2
1.060746388,1.447084855,2
0.980190515,1.408695619,2
-0.518160592,1.129393349,2
-0.672082404,1.232058766,2
1.305037064,-0.347972071,2
2.385387157,-0.768405533,2
1.935265509,-0.366820457,2
0.540184128,0.212669234,2
2.128319438,0.706306391,2
2.114304866,2.216883013,2
1.209597344,0.319051101,2
0.431563077,0.862182567,2
2.475415904,0.222106424,2
0.946935628,1.462288499,2
3.54974796,0.814844581,2
1.23537057,-0.496343928,2
0.072242806,1.529207533,2
2.105283206,0.176623256,2
0.674263843,1.543308197,2
-1.329874814,-0.055814318,3
-1.105386432,-0.496121662,3
-0.970386912,0.032747513,3
-0.141847392,-0.287985719,3
0.299931102,-0.124434094,3
-1.064268621,0.16765389,3
-0.592300148,0.808835679,3
-0.117295675,-0.550962381,3
-0.911029075,-0.384195353,3
0.314390781,-0.092449756,3
-1.45496106,0.010131373,3
-1.033789583,0.142026814,3
-0.99246233,-0.269290476,3
-1.441964867,0.190016606,3
0.072849866,-0.629562179,3
-0.766167516,0.5350168,3
-1.117093754,0.229972507,3
-0.74288242,0.346261535,3
-0.821275646,0.543507546,3
-1.024865137,0.29058345,3
-1.074886652,-0.327101559,3
-1.103403686,0.356125814,3
-0.851073001,0.303199555,3
-0.447047724,-0.332900507,3
-1.342409582,0.593584858,3
-1.361480806,0.329270237,3
-0.982301839,0.378660957,3
-0.145716636,-0.385603303,3
-1.128162175,0.552799909,3
-0.890625832,0.613125078,3
-0.783388293,0.264900193,3
-0.874110296,-0.060891622,3
-1.240275465,0.512632493,3
-1.000081099,0.700056225,3
-0.80202025,-0.157140165,3
-0.503120105,0.059042056,3
-1.290350162,0.253743518,3
-0.705723794,-0.197221064,3
0.183755231,-0.878966453,3
-1.463108642,0.563826397,3
-0.412567502,-0.152111596,3
-0.979131313,-0.234756756,3
-1.235078735,0.240595934,3
-0.862827349,-0.388543806,3
-1.01945332,0.406596987,3
-1.083093764,0.433938197,3
-0.516098362,0.303358438,3
-0.230479625,-0.950501038,3
-1.008884093,-0.025781942,3
-1.02425947,0.403619026,3
-1.340885821,0.554247689,3
-1.20548517,-0.050930892,3
-1.1469966,0.670148973,3
0.028125521,0.953345806,3
0.105936827,-0.361683726,3
-0.01291385,0.206879332,3
-0.069976765,0.416303867,3
0.218760763,0.011729656,3
-0.102677408,0.724070519,3
-0.580429675,0.417592087,3
-0.995507138,0.161814298,3
-0.281914256,0.752315401,3
-0.474654427,0.385000797,3
-0.21664532,0.666175162,3
-0.526701488,0.799211936,3
0.038755453,0.276306722,3
-1.084789168,0.218933481,3
-0.619565269,0.884795941,3
-0.589545537,0.304258992,3
-0.217208255,0.620350989,3
-0.725908155,0.275592311,3
-0.755276662,0.201434612,3
-0.379197231,0.62968346,3
-1.030390138,1.126300353,3
0.369270224,1.301051951,3
-0.102328758,0.822133688,3
-0.363452716,0.654097455,3
-0.775555141,1.093002939,3
-0.871775657,0.562591152,3
-0.652237349,0.519679666,3
-0.697060265,1.137369112,3
-0.586995616,0.702259003,3
0.405505749,-0.318964644,3
-0.575717838,0.932984902,3
-0.047486624,0.607970486,3
-1.088685561,0.435059027,3
-0.760752805,0.61791951,3
-0.28195197,0.494757898,3
-0.015417215,0.059069669,3
0.707648424,-0.236243358,3
-0.64954113,0.426450649,3
-0.556048891,1.258348609,3
-0.852861319,0.416995384,3
-0.657280864,0.92962206,3
-0.737062882,0.63451121,3
-0.780148299,0.686555025,3
0.250132377,-0.381239499,3
0.625085839,-0.172555467,3
-0.422242206,0.739027116,3
-0.328723496,0.615430983,3
-0.525545927,0.871200515,3
0.029858688,-0.024738553,3
-0.890453834,0.527924719,3
-0.65705829,0.426635384,3
-0.361168515,0.69452993,3
-0.929726823,0.654428615,3
-0.98044242,0.950265682,3
-0.296400294,-0.163388096,3
-0.731035868,0.551755588,3
0.365027751,-0.175057675,3
-0.119587453,0.26922489,3
-1.088682291,0.649542165,3
-0.735427731,0.9435717,3
-0.107552245,0.447136388,3
0.165511661,-0.154204863,3
-0.218751311,0.710862622,3
-0.64034531,0.843723809,3
0.34013988,-0.309696348,3
-0.345840108,0.851359286,3
-0.960023327,0.747849992,3
-0.701909392,0.406933771,3
-0.520156628,1.186213534,3
-1.218309766,-0.168698358,3
-0.383193379,-0.262366217,3
-0.573881474,0.319175946,3
-0.731641299,0.461013156,3
-1.034761509,-0.087025889,3
-1.12426102,0.120402459,3
-0.581540778,-0.119868889,3
-1.079533663,0.145218369,3
-1.588504897,0.570416846,3
-1.597638926,0.551075662,3
-1.481435994,-0.175134084,3
-0.99964331,-0.182020166,3
-1.116791629,0.353178668,3
-0.949906107,-0.467547724,3
-0.513218815,-0.173131199,3
-1.148307094,-0.308499487,3
-0.523403057,0.209446972,3
-1.377145421,0.136673974,3
-0.497411931,-0.522182555,3
-1.1294417,0.189968233,3
-1.0420748,0.199709497,3
-1.266311587,-0.430377859,3
-0.509717266,0.702215941,3
-0.799928155,0.624384725,3
-1.407532115,0.106910492,3
-0.357539794,0.583127718,3
-1.245566387,-0.556813367,3
-1.022296315,0.249000806,3
-0.750935799,0.092936022,3
-0.832021592,0.621516382,3
-0.834633644,0.611526304,3
-1.113668487,-0.268441949,3
-0.922649229,-0.296202849,3
-0.829292006,-0.156353401,3
-1.426981819,0.098647969,3
-0.88635806,0.164811748,3
-0.769395322,0.107777405,3
-0.063856854,-0.113721729,3
-0.342115786,-0.569322081,3
-0.284865335,-0.31903457,3
-0.262839495,0.449114984,3
-0.743017885,0.284551124,3
-1.0606384,-0.202187172,3
-1.171826821,0.548171998,3
-0.373697044,-0.158340321,3
-0.549645181,-0.295431996,3
-0.284964213,-0.350086585,3
-0.501197204,-0.3189905,3
-0.513655042,0.09235663,3
1.140699975,-0.771514819,3
-1.368941675,-0.071736168,3
-0.861899063,-0.136402937,3
-1.092129956,-0.551032445,3
-0.880700662,-0.275696256,3
-0.982415877,0.144517753,3
-0.760371985,0.312198545,3
-1.128672082,-0.370669784,3
-0.689379932,0.128697326,3
-0.736044486,-0.22630738,3
-1.175760717,-0.232256199,3
-1.334918657,-0.540514282,3
-0.844792961,-0.558827669,3
-0.186160628,0.759508334,3
-0.740697141,0.455446899,3
-0.487791694,-0.55494445,3
-0.844749972,0.347878447,3
-0.368250545,0.460233641,3
-0.840483359,-0.000499051,3
-0.101681565,-0.422868855,3
0.082271537,-0.722188361,3
-0.845346039,-0.184254741,3
-0.443744482,-0.049621186,3
-0.492278303,0.126353507,3
-0.276622824,-0.178261348,3
-0.276452516,-0.158360643,3
-0.418424784,0.056003486,3
-0.615315446,-0.106573901,3
-1.120003269,-0.492094109,3
-1.64514054,0.480830557,4
-1.803812463,1.440301922,4
-0.905916006,0.668010538,4
-0.237657895,-0.146525385,4
-1.018674565,0.416275958,4
-1.136340093,0.445120785,4
-1.444494319,0.956404302,4
-1.389556584,0.345931749,4
-1.115136564,0.534589394,4
-1.013057565,0.109242506,4
-1.497722842,2.082930808,4
-1.706990518,0.878476885,4
-1.614699916,0.570122661,4
0.010942138,-0.098340416,4
-1.474542478,0.756947193,4
0.029084878,-0.710930338,4
-1.100017446,0.845679621,4
-0.202375071,0.251105424,4
-1.851941165,0.831792431,4
-1.506731784,0.372681091,4
-0.54775912,1.034373144,4
-1.065893041,0.345402501,4
-1.333890283,0.582969508,4
-1.395704304,0.995325555,4
-1.64796644,0.760171802,4
-1.619037741,0.609143058,4
-0.902212304,1.028339678,4
-1.147987314,1.042097673,4
0.366269826,1.105540927,4
-0.907638951,1.010980657,4
-0.596324474,2.089731625,4
-1.528124254,1.578612372,4
-1.605136203,1.12294066,4
-1.177490803,1.250511626,4
-1.84824941,0.948971873,4
-0.13225024,0.922537214,4
-0.527507896,0.2542297,4
-1.961066095,1.246193371,4
-0.727732902,0.529440706,4
-1.785507588,1.062165859,4
-0.641576861,0.280452923,4
-0.814865834,0.748177755,4
-1.464319653,0.422316583,4
-2.315050131,0.572763413,4
-1.99467844,0.700633184,4
-1.561984157,0.120539446,4
-1.107126243,1.247584498,4
-1.16000503,1.343478206,4
-1.425050256,1.242401736,4
-0.590949448,0.601106715,4
-1.588573347,0.803315337,4
0.011075551,-0.826258044,4
-1.381802499,1.480540662,4
-1.274101974,0.803371206,4
-1.322480006,0.391035959,4
-1.474206071,0.954697696,4
-1.681140838,0.478680017,4
0.624290905,0.285169994,4
-1.345253023,0.784916642,4
-1.223866309,1.091393363,4
-0.613209864,1.002300852,4
-0.849551589,0.205830679,4
-1.002680013,0.734348085,4
-0.062612003,-0.145849547,4
-0.537023547,1.506892205,4
-0.45225082,0.109617784,4
-1.687787777,0.807660236,4
-0.618921646,0.949519858,4
0.44127388,-0.040153502,4
-1.207379252,0.664176721,4
-0.953826395,0.302774129,4
-0.64808553,-0.33969083,4
0.578308806,-0.699044002,4
-1.773128468,0.651777489,4
-0.550857218,0.304492386,4
-1.392288256,1.007517733,4
-1.356264197,0.299163417,4
-1.218139172,0.236936068,4
-1.661047778,0.158937069,4
0.578308806,-0.699044002,4
-1.218429076,-0.362823567,4
-0.118422917,0.679125163,4
-1.585625213,0.415970252,4
-1.559905703,0.328447774,4
-1.020506344,-0.754916712,4
-0.749066174,0.802341123,4
-0.204390628,0.244172293,4
-0.960292626,0.005653531,4
-0.938521584,-0.539156336,4
0.793092883,0.080849468,4
-1.260666548,0.065161357,4
-1.298478661,0.876725594,4
-1.014376817,0.242581434,4
-0.394527435,0.042504357,4
-1.546269261,0.340414353,4
-0.678247694,-0.646976953,4
-1.011184417,0.493303264,4
-1.164015402,-0.539969757,4
-1.740606472,-0.073201776,4
-1.525648596,0.134792686,4
-0.860855466,-0.414558344,4
-0.268774545,-0.522010504,4
-0.500643938,-0.058428876,4
-0.750590861,-0.141790048,4
-0.624520373,-0.930599661,4
-1.271913388,0.786496652,4
-0.576884641,-0.384748174,4
-0.157772683,-1.220534373,4
-0.712420462,-0.096335654,4
0.169659952,0.162492274,4
-0.491504566,-1.193218543,4
-0.724956813,-0.350024584,4
-2.17622897,0.13890527,4
-0.756253131,-0.717025127,4
-0.841307311,-0.476754277,4
-0.895197748,-0.76509779,4
-1.30103421,0.661359859,4
-0.331887705,0.272033028,4
-0.66588188,-0.326375959,4
-0.809014481,-1.244430809,4
-1.266240811,0.169004829,4
-1.095651983,1.116699221,4
-1.463439973,1.431842552,4
-1.0909891,0.841254328,4
-0.390337219,0.666913914,4
-1.209933074,0.184215391,4
-1.922107043,1.626057346,4
-1.693238903,0.686662445,4
-1.472540157,0.385046734,4
-0.147297195,1.545572374,4
-1.440978109,0.709305175,4
-1.591005185,1.874413874,4
-1.408044492,1.198641312,4
-1.885715208,0.174031586,4
-1.912608062,1.230400446,4
-0.882806399,1.737413781,4
-1.217266145,0.439509214,4
-1.226117817,0.189008814,4
-0.355696782,2.341911694,4
-0.403524475,0.997292715,4
-1.39440008,0.529014259,4
-0.418049293,0.454939411,4
0.199716382,0.731996358,4
-0.994727477,0.724017973,4
-0.122259709,1.154829547,4
0.074605813,-0.762221614,4
-0.490223639,0.92695747,4
-1.091828925,0.499480897,4
-0.168005767,0.816803701,4
-2.081591494,0.988798265,4
-0.857783653,0.938618276,4
-1.725655601,1.477637101,4
-1.845340298,0.713895944,4
-1.226964414,0.807501407,4
-1.973535217,0.827275708,4
-1.026198996,0.669442343,4
-1.088720202,1.130651224,4
-0.406456941,1.616212654,4
-1.168976374,0.41861469,4
-0.68455205,1.85405204,4
-1.658838697,1.128733656,4
-0.387570297,1.590829232,4
-1.239377444,0.998247112,4
-1.45246284,0.991476876,4
-1.571913393,1.573118113,4
-0.84968073,-0.014546666,4
-1.600082416,1.61557818,4
-0.085889123,0.196340407,4
-0.002513842,2.625084065,4
-1.207381525,1.889533398,4
-1.774700301,0.716606981,4
-1.600082416,1.61557818,4
-1.943315067,1.568252793,4
-2.058366318,1.317970175,4
-1.695202057,0.583389003,4
-1.765490601,1.491046125,4
-0.315902257,-0.027456488,4
-2.016361958,0.197877816,4
0.066006364,0.471365363,4
-1.89671743,0.95413691,4
-1.371843366,0.488313336,4
-0.645953855,1.98304126,4
-0.25066268,1.182655783,4
-1.907010722,1.286747775,4
0.473956063,1.401747149,4
-0.357770022,-0.031066523,4
1.127788804,0.806745755,4
-2.205675522,0.880109648,4
-0.987695275,1.286420016,4
-0.673765343,1.021169983,4
-1.641382373,0.689787867,4
-1.530973581,1.308657422,4
-0.780956638,1.307622594,4
-1.028806929,1.454684425,4
-1.955948603,0.954427159,4
-0.240133713,1.14252252,4
-0.136154947,2.020213855,4
-0.835008259,1.30054977,4
-1.726275621,1.68747325,4
-1.653631114,1.935845714,4
-0.328531333,-0.497772715,5
-0.209186327,-0.07480825,5
-1.63390039,0.282314854,5
0.711970488,-2.089390466,5
0.609807636,-1.955292616,5
-0.690519021,-1.283487544,5
0.016094692,-1.425853646,5
0.105951263,-0.698747532,5
-0.622224356,-1.866786554,5
-0.413669668,-0.997236156,5
-0.133369449,-1.417467723,5
-0.285701795,-0.188407786,5
0.08325617,-2.031240874,5
-0.068773903,-0.849891865,5
-1.379439875,0.459081739,5
-0.443590021,0.391250729,5
-0.613869665,0.156551437,5
-0.425994078,0.417149056,5
0.082939567,-1.564578739,5
0.809052139,-1.135868072,5
-0.725990111,-1.372199888,5
-0.112634757,-0.149857994,5
-1.2137448,-0.424830392,5
-0.280917327,-0.56525469,5
-1.047203429,-1.2557216,5
-1.646787403,-0.251373528,5
-0.412556309,-0.085775624,5
-0.406922668,-1.128008244,5
-1.24064484,-0.270739679,5
0.177096167,0.083427592,5
-0.077356021,-1.523740539,5
-0.494018074,-1.266711532,5
0.099213984,-1.538682633,5
0.156399535,-1.007335505,5
-0.105903903,-1.430877372,5
-0.983677874,-0.519557378,5
-0.056165862,-1.438655952,5
-1.289144691,0.256663373,5
-0.203651952,-0.025855076,5
-0.092948596,-0.40704604,5
-1.306874972,0.003072545,5
0.272059655,-1.145456584,5
-0.124398959,-1.718514231,5
-0.210948397,-1.676134182,5
-0.93502099,-0.4168347,5
0.416265387,-1.99657679,5
-0.103470375,-1.826825285,5
-0.249101255,-1.647496309,5
-0.384000095,-1.476381723,5
0.061279614,-2.036800546,5
-0.777187543,-0.715785297,5
-0.753835091,-1.256454741,5
0.536791878,-0.878683415,5
-0.552200834,-1.34162861,5
0.077296078,-1.252989178,5
0.25850625,-1.576320839,5
-0.379811528,-1.840628959,5
0.312843405,-1.335863087,5
0.015316067,-2.40757481,5
-0.244101446,-1.747675954,5
-0.542588789,-1.344829418,5
-0.928347473,0.779600398,5
0.2091039,-1.93516491,5
-0.453907474,-1.427311807,5
0.28730925,-1.170759233,5
-0.439027918,-1.117211372,5
-0.804833463,-0.488883355,5
0.077296078,-1.252989178,5
-0.195078396,-1.14592838,5
-0.666519285,-0.242872509,5
0.391221547,-2.102811674,5
0.268943434,-1.442925467,5
0.198877242,-1.390633614,5
0.056176235,-0.730413229,5
0.221686327,-2.007478794,5
-0.685532513,-1.359017619,5
0.249168991,-2.202795687,5
-0.440732487,-1.588768453,5
0.356614938,-1.722156655,5
0.146164297,-0.550883788,5
-0.678976999,-2.215889439,5
0.172603833,-0.557071812,5
0.000305271,-1.254492734,5
-0.046418186,-2.133589586,5
-0.125919513,-1.560813698,5
-0.144044497,-1.256017618,5
-0.080997266,-1.840604181,5
0.332928264,-0.757690997,5
-0.505721193,-2.279809458,5
-0.224175458,-1.055037718,5
-0.379295291,-2.079543962,5
0.456040484,-2.163743451,5
0.31640084,-1.652106757,5
0.420113763,-1.35754925,5
-0.149999451,-1.031930732,5
-0.147247004,-2.291277042,5
0.40798028,-2.014110345,5
-0.732402412,-1.738264538,5
-0.270758169,-2.261631836,5
-0.212148394,-1.541843717,5
-0.304953841,-1.844283254,5
-1.438924678,-0.234705138,5
-0.164951479,-1.46041258,5
-0.305848964,-0.837058984,5
0.794051946,-1.213202445,5
0.008019336,-2.177197481,5
0.405329353,-2.445594522,5
0.010769879,-2.278033615,5
-1.211642512,-0.174263559,5
-0.493617466,-0.918328789,5
-0.374378138,-1.482269201,5
-0.021205997,-1.804013537,5
-0.487446323,-0.176511815,5
0.11800286,-1.629203254,5
0.49512743,-2.5308464,5
-0.293420263,-1.521107349,5
-0.319566097,-2.023225667,5
0.008167389,-1.978776369,5
0.61770932,-0.225461106,5
0.122309035,-0.721419348,5
0.142046654,-0.865827058,5
-0.905562127,-0.868171987,5
-0.39696399,-2.066590684,5
0.43796454,-1.98311291,5
0.157355263,-1.651767198,5
-0.146900714,-1.773590992,5
-0.275289747,-1.62699609,5
0.120874758,-1.934096021,5
0.135381035,-1.77545629,5
0.266660784,-1.737428456,5
-0.051159211,-1.624412122,5
0.614323909,-0.797322663,5
0.708917813,-2.244887417,5
-0.468499328,-1.959408601,5
0.625443077,-2.219744205,5
-0.008522511,-2.259432802,5
-0.893386655,-0.772706391,5
-0.306972008,-1.258103653,5
-0.20353645,-1.666932432,5
0.0823737,-2.120758562,5
0.347103879,-1.195106051,5
-0.234315578,-1.325685839,5
0.344052749,-1.643230302,5
0.013706672,-1.631708864,5
-0.05601153,-1.880460025,5
-0.669229012,-1.239491033,5
0.334221048,-1.774458926,5
-0.498579339,-1.666240463,5
-0.579871056,-0.913206841,5
-0.173224855,-1.032126316,5
-0.259624879,-2.277938021,5
0.326232168,-1.159208379,5
-0.981081554,-0.727936892,5
0.501522519,-0.430374623,5
-0.41944358,-0.702653962,5
-0.007748454,-2.603747353,5
-0.395961726,-1.301781663,5
-1.652169244,-0.330983547,5
0.091157176,-1.439473788,5
0.049362389,-1.939370163,5
-0.970776186,-1.047228743,5
-0.566625053,-1.465055157,5
-0.01764687,-1.607964034,5
-0.159217473,-1.946732958,5
-0.647283107,-1.501895017,5
0.121985094,-1.661981542,5
-0.192741209,-1.32960136,5
-0.463528015,-0.101906207,5
0.294182001,-1.228447192,5
-0.600359938,-1.660712664,5
0.171391668,-0.121770894,5
0.373174034,-1.54975566,5
-1.132509165,-1.058937743,5
0.325569011,-1.84507787,5
-0.241929638,-1.547272478,5
0.126710407,-1.487983397,5
-0.407987011,-2.037002672,5
-0.415164471,-1.15465439,5
-0.027969503,-2.022443816,5
0.275295442,-0.721695025,5
-0.360549466,-1.882865745,5
-0.316006297,-0.679715811,5
0.537358927,-1.600111858,5
-0.345403587,-1.105969561,5
-0.032766926,-1.013419032,5
-0.553504264,-1.734143596,5
0.058449127,-1.606401951,5
0.171391668,-0.121770894,5
0.139917418,-1.076423593,5
0.100753266,-1.434728194,5
0.209641037,-1.364899044,5
0.168785053,-2.107220531,5
-0.660490368,-0.737668208,5
-0.575762596,0.161513244,5
-0.08462763,-0.425503208,5
-0.388496673,-1.491790077,5
0.602623881,-1.754761052,5
0.314820956,-1.118413647,5
0.18851808,-0.782867484,5
0.08319782,-0.787282081,5
-0.258032331,0.273834228,6
0.957341291,-0.80449925,6
-0.512552548,-0.915817318,6
0.348073745,-1.069055504,6
0.401113685,-1.573491121,6
0.246089488,-1.351892201,6
0.50307924,-1.361718306,6
0.599800007,-1.137516571,6
-0.139638667,-1.21885758,6
0.568255842,-1.670200433,6
0.580876408,-0.611838618,6
-0.016527252,-1.415482319,6
0.66362896,-1.277097034,6
0.300250959,-1.283740039,6
-0.432531461,-1.551154612,6
-0.792973924,-0.339261374,6
0.788066335,-1.454963813,6
0.221304592,-1.416937723,6
0.310999089,-0.389280964,6
-1.205416813,-0.234450678,6
1.042803261,-0.891973895,6
-0.314262582,-0.977305835,6
-0.170463873,-1.265715516,6
0.128522235,-1.356228614,6
0.372759498,-1.337078394,6
0.521235826,-1.299535878,6
0.006207041,-1.946780642,6
-1.091571508,-0.339846951,6
-0.792973924,-0.339261374,6
-1.304425326,-0.327551325,6
-0.345460478,-0.767478822,6
-0.756006782,-0.449274041,6
-0.21621238,-1.406649347,6
0.267600215,-1.19897604,6
-0.454198841,-0.517720697,6
-0.103006897,-1.503538997,6
-0.408412874,0.635116293,6
-1.189124951,-0.384263074,6
-0.251023719,-1.000742832,6
-1.225251035,-0.036860653,6
-1.091571508,-0.339846951,6
-1.354481269,0.053300521,6
-1.233509046,-0.456928208,6
-0.77008451,0.221956357,6
-1.275081257,-0.447522997,6
-0.162258834,-1.244067912,6
-0.158729541,-1.37382536,6
-0.193290127,-1.328638455,6
-0.805588377,-0.550311223,6
0.301934774,-1.439695529,6
0.334603741,-0.678137508,6
-0.062084318,-0.938667615,6
0.114244594,-0.994802167,6
-0.355942265,-0.654329578,6
0.042510159,-1.827046902,6
-0.056437435,-1.066067231,6
-0.973604096,0.044322478,6
0.610224708,-1.087240324,6
0.348768071,-0.957564714,6
0.172514759,-1.302916052,6
-0.216620559,-1.117569314,6
0.08004226,-0.534343051,6
0.521363604,-1.337647198,6
-0.01211908,-1.073599407,6
-0.258960505,-1.521756657,6
-0.196530304,-0.485746839,6
0.273981676,-1.383008634,6
-0.091790512,-1.228094892,6
1.146991665,-0.626811593,6
-0.173677968,-0.252767273,6
-0.534894538,-0.790134771,6
-0.308679163,-0.464326767,6
0.212947401,-1.192233695,6
0.412000548,-0.931265624,6
0.223787007,-1.601876392,6
-0.173257052,-0.549673777,6
0.840085021,-0.843276791,6
0.440216733,-1.260554676,6
0.286308099,-0.770975127,6
0.489346418,-0.609200825,6
-0.337463329,-0.712455334,6
-0.453932779,-0.395918221,6
0.694493247,-1.319195413,6
0.318732887,-1.286493115,6
-0.416457088,0.390187878,6
0.303065631,0.389302733,6
-0.179767856,-1.021410705,6
-0.26807739,-1.692244384,6
0.026122126,-1.283247926,6
0.125368126,-1.635761483,6
-0.217756324,-0.865028613,6
-0.214199656,-1.596507816,6
-0.365435189,-1.558066762,6
0.972455756,-0.466176563,6
-0.036948193,-0.731914701,6
-0.263290789,-1.541985601,6
0.083514722,-1.747148624,6
-0.139474469,-1.087854202,6
-0.130021993,-1.602989633,6
-0.401557956,-0.329398806,6
-1.430959791,-0.348786869,6
0.328471867,-0.100285771,6
0.636524046,-0.7849158,6
-0.119197522,-1.551909693,6
-0.412469398,-1.155013953,6
-0.021381398,-1.340989063,6
-0.356230557,-0.841189638,6
-0.831760288,0.417178824,6
0.491623526,-1.236062256,6
0.116850993,-1.078583855,6
0.757287361,-1.040083895,6
-0.165678567,-0.39134187,6
-0.714140833,0.519359185,6
0.270626722,-1.528696818,6
0.163391714,-0.459400535,6
-0.4426038,0.255662278,6
-1.00565149,-0.360505029,6
-0.65008949,0.054219772,6
0.249974721,-0.813769708,6
-0.252782028,-1.208663242,6
-0.118290217,0.173618987,6
-0.008167553,-0.315930381,6
-1.345550051,-0.054369229,6
-1.246820795,-1.070645491,6
0.63272133,-1.457908384,6
-0.172958555,-0.540003483,6
-0.205781224,-0.180742396,6
0.354850455,-1.420344683,6
-0.112744321,-0.708439505,6
-0.136648743,-0.243204078,6
-0.12366672,-1.822336614,6
-0.218080324,-0.303891214,6
1.159520826,-0.197732682,6
0.216000113,-0.924773697,6
0.371239895,-1.225314256,6
-0.060827794,-0.40073595,6
0.087466251,-1.779340889,6
0.364647315,-1.330262988,6
0.14657671,-1.31322932,6
-0.09802245,-1.415169917,6
-0.527199463,0.165967871,6
-0.017648134,-1.685080271,6
-0.189749346,-1.629960707,6
-1.175692921,-0.568532629,6
0.244195828,-1.807476069,6
-0.293981843,-0.255095406,6
0.403525825,-0.478388291,6
-0.529509677,-0.202405117,6
-0.498736242,-1.383208373,6
-0.360388482,-0.667174049,6
-0.290310145,-0.116928093,6
-0.436401595,0.739450904,6
0.061180027,0.268540923,6
-0.700738965,-0.02983617,6
-1.059061743,-0.253395562,6
-0.225049237,-0.556150006,6
-0.303553796,-0.822643877,6
-0.574393555,0.566129738,6
-0.338930585,-0.515759279,6
-0.215569443,-1.227992208,6
-0.290310145,-0.116928093,6
0.413777555,-1.578007771,6
0.419243812,-1.196993202,6
-0.382199191,0.278115259,6
-0.332612305,-1.612723201,6
0.213808945,-1.739795612,6
0.568103961,-1.228678824,6
0.435526003,-1.010142656,6
0.786120455,-0.904811263,6
0.677248008,-1.308671379,6
0.762802759,-1.328021207,6
0.002259708,-1.207969438,6
0.424842908,-0.229084243,6
0.444129208,0.690030098,6
-0.282592338,-0.931186319,6
-0.875169509,-0.499757581,6
0.050947159,-1.886190369,6
0.008631847,-1.208227032,6
0.480674187,-1.344601628,6
0.132291084,-1.883940489,6
0.52518533,-0.581509515,6
0.326590119,-1.352413393,6
0.326123129,-0.856616914,6
-0.065441884,-0.345427403,6
0.036850611,-0.991877956,6
-0.031560131,-0.556411452,6
0.180418217,-0.988638044,6
-0.029429622,-1.453756045,6
0.45896046,-1.164959421,6
-0.618495272,-1.638637243,6
0.334865612,-1.133475241,6
0.009798809,-0.283261867,6
0.418919234,-1.680690678,6
0.008801306,-0.801595285,6
-0.13654968,-1.475768503,6
-0.862242314,-0.255615053,6
-0.224750721,-1.655881128,6
0.764424174,-0.658807673,6
0.058012028,-0.787682571,6
0.551685374,0.827633402,6
